hotel_id,hotel_name,chain_id,latitude,longitude,city,country,state,county,suburb,postcode,road,house_number
113028,HAtel De La Loge,-1,42.69982,2.89401,Perpignan,France,Occitanie,Pyrénées-Orientales,Saint-Jean,66000,Quai Nicolas Sadi Carnot,
113032,Comfort Inn,88,37.36965,-118.39538,,United States,California,Inyo County,,93514,North Main Street,805
113039,Quality Inn Selma,84,32.43373,-87.02426,,United States,Alabama,Dallas County,,36701,Broad Street,2373
113059,The Drake Hotel Oak Brook,-1,41.84498,-87.92913,,United States,Illinois,DuPage County,,60523,York Road,2301
113113,Extended Stay America Houston - The Woodlands,72,30.13485,-95.44614,,United States,Texas,Montgomery County,,77380,Valley Wood Drive,150
113118,Econo Lodge North,70,43.60312,-96.71129,Sioux Falls,United States,South Dakota,Minnehaha County,,57104,North Cliff Avenue,5100
113135,Hilton Garden Inn Downtown Dallas,87,32.7822,-96.79908,Dallas,United States,Texas,Dallas County,,75201,Pacific Avenue,1600
113164,Motel 6 - San Antonio Northeast,75,29.48417,-98.40144,San Antonio,United States,Texas,Bexar County,,78218,Rittiman Road,4321
113196,Cedar Point's Hotel Breakers,-1,41.48403,-82.68432,Sandusky,United States,Ohio,Erie County,,,Perimeter Road,
113206,Holiday Inn Express & Suites Austin South,92,30.20064,-97.76841,Austin,United States,Texas,Travis County,,78745,East Stassney Lane,701
113211,Best Western Plus Livingston Inn & Suites,82,30.70434,-94.95417,,United States,Texas,Polk County,,77351,US 59 South Loop,335
113226,Super 8 West Point Ne,83,41.85036,-96.7107,,United States,Nebraska,Cuming County,,68788,North Lincoln Street,1227
113270,Embassy Suites Tuscaloosa Alabama Downtown,74,33.20969,-87.56901,Tuscaloosa,United States,Alabama,Tuscaloosa County,West End,35486,University Boulevard,
113295,TownePlace Suites Boston Logan Airport/Chelsea,68,42.38882,-71.0233,,United States,Massachusetts,Suffolk County,,02150,Eastern Avenue,111
113343,Days Inn - College Park,85,39.00462,-76.93013,College Park,United States,Maryland,Prince George's County,Daniels Park,20740,Baltimore Avenue,9113
113374,Country Inn & Suites By Carlson Marion,-1,40.58121,-83.07391,,United States,Ohio,Marion County,,43302,Marion-Mt Gilead Road,2153
113384,Comfort Inn & Suites,88,40.23031,-76.43286,Rapho Township,United States,,Lancaster County,,17545,Lebanon Road,2889
113421,Motel 6 Davis - Sacramento Area,75,38.55111,-121.69319,Davis,United States,California,Yolo County,,95618,Chiles Road,4835
113436,Red Roof Inn Philadelphia - Oxford Valley,67,40.19165,-74.86671,,United States,,Bucks County,,19030,Cabot Boulevard,3100
113438,Holiday Inn Express Hotel & Suites Murphy,92,35.07338,-84.05116,,United States,North Carolina,Cherokee County,,28906,US 19;US 64;US 74;US 129,
113449,Days Inn Airport Best Road,85,33.63275,-84.45817,Atlanta,United States,Georgia,Fulton County,,30337,Best Road,4505
113452,SpringHill Suites by Marriott San Jose Airport,78,37.36684,-121.91361,San Jose,United States,California,Santa Clara County,,95112,North 1st Street,1719
113460,1st Choice Inn Rawlins,-1,41.79064,-107.22344,,United States,Wyoming,Carbon County,,82301,East Cedar Street,1324
113475,The Woodlands Waterway Marriott Hotel & Convention Center,2,30.16068,-95.45989,The Woodlands,United States,Texas,Montgomery County,,77380,Lake Robbins Drive,1601
113524,Howard Johnson Express Inn - Williams,54,35.25449,-112.19045,,United States,Arizona,Coconino County,,86046,North Grand Canyon Boulevard,511
113528,Regent Hotel,-1,50.99829,-118.19447,Revelstoke,Canada,British Columbia,Columbia-Shuswap Regional District,,V0E 3S0,1st Street East,109
113673,DoubleTree by Hilton Mahwah,80,41.09742,-74.15833,,United States,New Jersey,Bergen County,,07430,Avenue A,
113681,Grand Canyon Inn & Motel,-1,35.65379,-112.13923,,United States,Arizona,Coconino County,,86046,State Route 64,498
113708,Courtyard St. Petersburg Clearwater/Madeira Beach,-1,27.80984,-82.79455,,United States,Florida,Pinellas County,,33708,American Legion Drive,601
113716,Days Inn Roosevelt Boulevard,85,40.02963,-75.10555,Philadelphia,United States,,Philadelphia County,,19120,Roosevelt Boulevard,4302
113723,Springwood Motor Inn,-1,-27.62991,153.13491,,Australia,Queensland,,Springwood,4127,Barbaralla Drive,121
113733,Motel 6 Ft Worth Northlake - Speedway,75,33.02385,-97.2738,,United States,Texas,Denton County,,76262,Raceway Drive,13601
113735,Knights Inn Hadley,37,42.34472,-72.57748,,United States,Massachusetts,Hampshire County,,01035,Russell Street,207
113801,Hampton Inn Marion,91,35.20906,-90.20864,,United States,Arkansas,Crittenden County,,72364,Angelo's Grove Road,310
113804,Guesthouse Inn and Suites,22,45.30396,-122.76691,,United States,Oregon,Clackamas County,,97070,Southwest Citizens Drive,8750
113822,Holiday Inn Express Hotel & Suites Murray,92,36.63334,-88.31068,,United States,Kentucky,Calloway County,,42071,East Frontage Road,
113853,Holiday Inn Express & Suites Winona,92,44.0239,-91.62022,,United States,Minnesota,Winona County,,55987,Homer Road,1168
113859,Staybridge Suites Cheyenne,61,41.1638,-104.79955,Cheyenne,United States,Wyoming,Laramie County,,82099,Frontier Mall Drive,5109
113876,Fairfield Inn New York Manhattan/Financial District,89,40.70602,-74.00518,City of New York,United States,New York,New York County,Manhattan,10038,Front Street,161
113883,Residence Inn New York Manhattan/World Trade Center Area,81,40.70966,-74.01009,City of New York,United States,New York,New York County,Manhattan,10038,Broadway,170
113916,Best Western Plus La Corniche,82,43.10688,5.93568,Toulon,France,Provence-Alpes-Côte d'Azur,Var,Le Mourillon,83000,Littoral Frédéric Mistral,17
113942,Candlewood Suites Houston-Clear Lake,64,29.57785,-95.10851,Houston,United States,Texas,Harris County,,77062,Falcon Pass,
113943,Courtyard San Marcos,-1,29.82478,-97.98941,,United States,Texas,Hays County,,,South Interstate 35,
113969,Best Western Inn Of Vancouver,0,45.62282,-122.55426,Vancouver,United States,Washington,Clark County,Fircrest,98684,Northeast 3rd Street,11506
114041,JW Marriott Venice Resort & Spa,2,45.40693,12.32189,Venezia,Italia,Veneto,Venezia,Venezia-Murano-Burano,30133,Fondamenta de le Scuole,
114047,Kagoshima Tokyu REI Hotel,-1,31.58583,130.54574,鹿児島市,日本,,,,892-8677,,
114077,JW Marriott Hotel Macau,2,22.15101,113.55394,,中国,澳門 Macau,,聖母灣 Baía de Nossa Senhora da Esperança,999078,望德聖母灣大馬路 Estrada da Baía de Nossa Senhora da Esperança,
114143,Hilton Milton Keynes,3,52.02421,-0.69982,Milton Keynes,United Kingdom,England,City of Milton Keynes,Kents Hill,MK7 7EQ,Timbold Drive,
114148,Pacer Inn And Suites Delaware,-1,40.29041,-83.06747,Delaware,United States,Ohio,Delaware County,,43015,South Sandusky Street,259
114157,Beachwalk Resort,-1,25.98624,-80.12343,,United States,Florida,Broward County,Hallandale Beach,33009,East Hallandale Beach Boulevard,2602
114166,The Ritz-Carlton  Wolfsburg,38,52.43381,10.79668,Wolfsburg,Deutschland,Niedersachsen,,Alt-Wolfsburg,38440,Parkstraße,
114181,Hampton Inn Suites Mt Juliet,91,36.16807,-86.51624,,United States,Tennessee,Wilson County,,37122,Crossings Circle,5001
114203,Motel 6 Grants Pass,75,42.45976,-123.32073,,United States,Oregon,Josephine County,,97526,Northeast 7th Street,1871
114233,Oaks Carlyle,18,-21.14594,149.18941,Mackay,Australia,Queensland,,,4740,Alfred Street,
114246,Sheraton Mahwah Hotel,76,41.10423,-74.16451,,United States,New Jersey,Bergen County,,07430,International Boulevard,2
114280,Holiday Inn Express Hotel & Suites Fort Atkinson,92,42.93858,-88.85519,,United States,Wisconsin,Jefferson County,,53538,Madison Avenue,1285
114282,Sleep Inn & Suites,69,32.48883,-99.72471,Abilene,United States,Texas,Taylor County,,79601,Killough Cove,250
114287,Econo Lodge Kearney,70,39.36786,-94.37477,,United States,Missouri,Clay County,,64060,MO 92,
114332,Hampton Inn Belton/Kansas City area,91,38.82646,-94.51916,Belton,United States,Missouri,Cass County,,64012,East 163rd Street,6801
114350,Best Western Country Inn,0,40.57692,-124.15212,,United States,California,Humboldt County,,95540,Kenmar Road,1500
114370,St Pierre Marriott Hotel & Country Club,2,51.61696,-2.71014,,United Kingdom,Cymru / Wales,Monmouthshire,Caerwent,NP16 6LJ,Parkwall Hill,
114377,Best Western Plus Airport Inn & Suites,82,40.77424,-112.02155,Salt Lake City,United States,Utah,Salt Lake County,,84116,Wiley Post Way,5433
114420,Holiday Inn Express & Suites Houston Intercontinental Arpt,92,29.93177,-95.40972,Houston,United States,Texas,Harris County,North Houston District,77396,Aldine Bender Road,
114429,The Rosemount Hotel,-1,51.4674,-0.36869,London,United Kingdom,England,,,TW3 3GH,Steve Biko Way,
114434,Best Western Mountainbrook Inn,0,35.51769,-83.09148,,United States,North Carolina,Haywood County,,28751,Soco Road,3811
114512,Potters Oceanside Motel,-1,-21.14875,149.20265,Mackay,Australia,Queensland,,East Mackay,4740,East Gordon Street,2c
114528,Comfort Inn,88,40.39576,-80.54856,Weirton,United States,West Virginia,Brooke County,,26062,Three Springs Drive,385
114543,Clarion Inn,58,33.61027,-114.60664,,United States,California,Riverside County,,92225,West Hobsonway,825
114544,Le Meridien Dhaka,33,23.83654,90.41841,ঢাকা,বাংলাদেশ,ঢাকা বিভাগ,,খিলক্ষেত,1230,নতুন বিমানবন্দর সড়ক,
114592,Quality Inn & Suites,84,32.73938,-103.15976,Hobbs,United States,New Mexico,Lea County,,88240,North Lovington Highway,
114594,Bairnsdale Kansas City Motel,-1,-37.8272,147.6248,,Australia,Victoria,,,3875,Main Street,306
114618,Sleep Inn And Suites Albemarle,69,35.33858,-80.20386,,United States,North Carolina,Stanly County,,28001,NC 24;NC 27,622
114625,Hampton Inn Americus,91,32.07106,-84.21356,,United States,Georgia,Sumter County,,31709,East Lamar Street,1418
114684,The Beehive,-1,4.17413,73.50298,މާލެ,ދިވެހިރާއްޖެ,,,,20336,Shaheed Ali Hingun,
114714,Golden Nugget Lake Charles,-1,30.20196,-93.26131,Lake Charles,United States,Louisiana,Calcasieu Parish,,70605,Golden Nugget Boulevard,
114724,Ibis Budget St Peters,45,-33.91413,151.17775,Sydney,Australia,New South Wales,,St Peters,2044,Princes Highway,
114742,Motel 6 Boston West - Framingham,75,42.29631,-71.47231,Framingham,United States,Massachusetts,Middlesex County,,01745,Worcester Road,1624
114794,Comfort Inn Blue Lagoon,88,-32.25412,148.60718,Dubbo,Australia,New South Wales,,,2830,Cobra Street,81
114849,Red Roof Inn Gaffney,67,35.08643,-81.69892,,United States,South Carolina,Cherokee County,,29341,I 85,
114860,Holiday Inn Express & Suites - North Platte,92,41.10951,-100.76655,North Platte,United States,Nebraska,Lincoln County,,69101,Holiday Frontage Road,
114916,Swissotel Le Plaza Basel,-1,47.56313,7.5994,Basel,Schweiz/Suisse/Svizzera/Svizra,Basel-Stadt,,Clara,4058,Riehenring,65
114948,Sleep Inn & Suites Marshall,69,44.43865,-95.76717,,United States,Minnesota,Lyon County,,56258,Nwakama Street,1300
114952,Cambria Suites Madison,19,43.14419,-89.29541,Madison,United States,Wisconsin,Dane County,,53718,West Terrace Drive,
114993,Tan Thanh Garden Homestay,-1,15.90868,108.34722,Thành phố Hội An,Việt Nam,Tỉnh Quảng Nam,,Phường Cẩm An,64000,Đường Nguyễn Phan Vinh,38
114996,Crossland Denver - Airport - Aurora,-1,39.76743,-104.81001,Aurora,United States,Colorado,Adams County,,80011,Chambers Road,3705
115007,Aladdin Inn,-1,37.97863,-120.33176,,United States,California,Tuolumne County,,95370,Mono Way,14317
115013,Holiday Inn Houston Downtown,92,29.75203,-95.3695,Houston,United States,Texas,Harris County,,77003,Pease Street,
115015,New Victorian Inn Norfolk,-1,42.01809,-97.42213,Norfolk,United States,Nebraska,Madison County,,68701,Omaha Avenue,1099
115086,Comfort Inn Marion,88,40.57911,-83.0789,,United States,Ohio,Marion County,,43302,James Way,
115163,Comfort Inn Quantico Main Gate North,88,38.58428,-77.33013,,United States,Virginia,Prince William County,,22026,Van Buren Road,
115173,Fairfield Inn & Suites by Marriott Fayetteville North,89,35.11852,-78.87994,Fayetteville,United States,North Carolina,Cumberland County,,28311,Ramsey Street,
115218,Nakorn de Sukhothai hip hotel,-1,17.00894,99.81957,,ประเทศไทย,,,,,ถนนเปรมประชา,
115219,Springhill Suites by Marriott Pittsburgh Mt. Lebanon,78,40.38254,-80.04402,,United States,,Allegheny County,,15228,Washington Road,615
115227,Best Western The Westerly Hotel & Convention Centre,0,49.6851,-124.99178,Courtenay,Canada,British Columbia,Comox Valley Regional District,,V9N 2K7,Cliffe Avenue,1590
115239,La Quinta Inn Fort Stockton,86,30.89882,-102.90789,,United States,Texas,Pecos County,,79735,Interstate 10 West,
115260,Country Inn And Suites Aiken,-1,33.48712,-81.69807,Aiken,United States,South Carolina,Aiken,,29803,Whiskey Road,2747
115272,Value Place Kansas City  MO (Royals Stadium),-1,39.0564,-94.47923,Kansas City,United States,Missouri,Jackson County,,64129,Leeds Road,8879
115291,Courtyard by Marriott Montvale,90,41.05463,-74.06841,,United States,New Jersey,Bergen County,,07645,Chestnut Ridge Road,
115300,Quality Inn,84,39.4084,-81.42262,,United States,Ohio,Washington County,,26187,Pike Street,
115314,Comfort Inn & Suites,88,50.4126,-105.53909,Moose Jaw,Canada,Saskatchewan,Division No. 7,Sunningdale,S6J 1L7,Thatcher Drive,
115320,Hampton Inn Richland,91,32.22361,-90.15736,,United States,Mississippi,Rankin County,,39218,Highway 49 South,893
115324,Travelodge Lemoore,57,36.29952,-119.768,,United States,California,Kings County,,93245,East D Street,877
115355,MOXY Milan Malpensa Airport,-1,45.64888,8.72319,,Italia,Lombardia,Varese,,21019,,
115365,Aloft Denver Downtown,49,39.74513,-104.99452,Denver,United States,Colorado,,,80202,15th Street,801
115383,Graduate Oxford,-1,34.36943,-89.51809,Oxford,United States,Mississippi,Lafayette County,,38655,North Lamar Boulevard,409
115391,Stonebridge Hotel Dawson Creek,-1,55.73903,-120.21797,Dawson Creek,Canada,British Columbia,Peace River Regional District,,V1G 0A4,6 Street,
115441,TownePlace Suites Goldsboro,68,35.38897,-77.94452,Goldsboro,United States,North Carolina,Wayne County,,27534,North Park,2603
115446,Econo Lodge,70,43.07268,-77.64454,City of Rochester,United States,New York,Monroe County,,14623,West Henrietta Road,3995
115454,Courtyard by Marriott Hamilton,90,39.40172,-84.56277,Hamilton,United States,Ohio,Butler County,,45011,Riverfront Plaza,1
115476,Powder Springs,-1,50.99834,-118.19805,Revelstoke,Canada,British Columbia,Columbia-Shuswap Regional District,,V0E 3S0,3rd Street West,200
115483,Crystal Paraiso Verde Resort & Spa - All Inclusive,-1,36.83495,31.16425,,Türkiye,,,,,,
115498,APA Hotel Tottori-Ekimae,-1,35.49204,134.22662,鳥取市,日本,,,,680-0846,,
115510,Mercure Hotel Amsterdam Sloterdijk Station,46,52.38771,4.83519,Amsterdam,Nederland,Noord-Holland,,Nieuw-West,1043 BP,Naritaweg,27
115512,Motel 6 Portland South - Lake Oswego - Tigard,75,45.39445,-122.74625,Tigard,United States,Oregon,Washington County,,97224,Southwest McEwan Road,17959
115562,Killashee,-1,53.19539,-6.67673,,Éire / Ireland,,County Kildare,,W91 KN8Y,R448,
115569,Hampton Inn Lebanon,91,37.6515,-92.66836,,United States,Missouri,Laclede County,,65536,Ivey Lane,1831
115601,Super 8 Santa Rosa Nm,83,34.94459,-104.67785,Santa Rosa,United States,New Mexico,Guadalupe County,,88435,Historic Route 66,2075
115603,Extended Stay America - Kansas City - Airport - Plaza Circle,72,39.30474,-94.68219,Kansas City,United States,Missouri,Platte County,,64153,Northwest Plaza Circle,11608
115634,Days Inn Nanuet Spring Valley,85,41.10248,-74.02796,,United States,New York,Rockland County,,10954,NY 59,
115635,Best Western Plus Finger Lakes Inn & Suites,82,42.56142,-76.2268,,United States,New York,Cortland County,,13045,Finger Lakes East Drive,3175
115642,DoubleTree by Hilton Hotel Omaha Southwest,80,41.22589,-96.02442,Omaha,United States,Nebraska,Douglas County,,68124,South 72nd Street,3650
115704,Aloft San Antonio Airport,49,29.5191,-98.50646,San Antonio,United States,Texas,Bexar County,,78216,Blanco Road,6858
115726,Quality Inn Hamburg,84,42.73901,-78.84509,,United States,New York,Erie County,,14075,Camp Road,5444
115763,Holiday Inn Express Hotel & Suites Monroe,92,35.01223,-80.56893,Monroe,United States,North Carolina,Union County,,38110,West Roosevelt Boulevard,2501
115767,Motel 6 Sycamore,75,41.96957,-88.71841,,United States,Illinois,DeKalb County,,60178,DeKalb Avenue,1825
115775,Le MAridien Columbus  The Joseph,-1,39.97506,-83.00307,Columbus,United States,Ohio,Franklin County,,43215,North High Street,620
115791,Comfort Inn & Suites BWI Airport,88,39.2132,-76.64261,,United States,Maryland,Anne Arundel County,,21090,Baltimore Annapolis Boulevard,6965
115810,Hampton Inn Collierville,91,35.04652,-89.70396,,United States,Tennessee,Shelby County,,38017,West Poplar Avenue,1250
115838,Embassy Suites Louisville Downtown,74,38.25113,-85.75752,Louisville,United States,Kentucky,Jefferson County,,40202,West Muhammad Ali Boulevard,401
115842,Serendipity Rooms,-1,45.4577,9.1876,Milano,Italia,Lombardia,Milano,Municipio 1,20122,Corso Italia,18
115851,Holiday Inn Express Hotel & Suites Beatrice,92,40.30897,-96.74694,Beatrice,United States,Nebraska,Gage County,,63810,Business Avenue,
115873,Oaks Grand Gladstone,18,-23.84184,151.25487,Gladstone,Australia,Queensland,,Gladstone Central,4680,Goondoon Street,
115877,Motel 6 Seattle Sea - Tac Airport South,75,47.43332,-122.27519,,United States,Washington,King County,,98188,47th Avenue South,18900
115888,Rodeway Inn Saint Charles,56,38.79603,-90.56319,Saint Charles,United States,Missouri,Saint Charles County,,63301,Harry S Truman Boulevard,3898
115889,Aloft Durham Downtown,49,35.99336,-78.90395,Durham,United States,North Carolina,Durham County,,27701,Blackwell Street,359
115936,AmericInn Lodge & Suites Osceola,43,41.02478,-93.79701,,United States,Iowa,Clarke County,,50213,Ariel Circle,105
115945,Econo Lodge Philadelphia Hotel,70,39.87301,-75.2791,Tinicum Township,United States,,Delaware County,,19113,North Governor Printz Boulevard,
115954,The Dean Hotel,-1,41.82337,-71.41602,Providence,United States,Rhode Island,Providence County,,02903,Fountain Street,122
115957,Hilton Garden Inn Clovis,87,36.80841,-119.72147,,United States,California,Fresno County,,93612,West Shaw Avenue,520
115996,Hampton Inn Bartlesville,91,36.75634,-95.93527,Bartlesville,United States,Oklahoma,Washington County,,74006,Southeast Washington Boulevard,198
116011,Ramada Houston Intercontinental Airport East,73,29.98432,-95.30052,,United States,Texas,Harris County,,77338,Will Clayton Parkway,6115
116057,Ramada Williams/Grand Canyon Area,73,35.25798,-112.19216,,United States,Arizona,Coconino County,,86046,North Grand Canyon Boulevard,888
116092,Quality Hotel Grand  Kongsberg,-1,59.66935,9.64941,,Norge,,Buskerud,,3611,Christian Augusts gate,2
116123,Best Western Empire Towers,0,43.51588,-96.77579,Sioux Falls,United States,South Dakota,Minnehaha County,,57106,West Shirley Place,4100
116128,Hyatt Place Bowling Green,1,36.9897,-86.45058,Bowling Green,United States,Kentucky,Warren County,,42101,Center Street,1347
116170,Fairfield Inn & Suites by Marriott Aiken,89,33.53539,-81.72288,Aiken,United States,South Carolina,,,29803,Colony Parkway,185
116198,Microtel Inn & Suites by Wyndham Culpeper,63,38.45524,-78.02091,Culpeper,United States,Virginia,Culpeper County,,22701,Willis Lane,889
116233,Comfort Inn & Suites Statesville,88,35.77163,-80.85969,Statesville,United States,North Carolina,Iredell County,,28677,Garner Bagnal Boulevard,1237
116248,Super 8 Gaffney Sc,83,35.08791,-81.66084,,United States,South Carolina,Cherokee County,,29341,Ellis Ferry Avenue,100
116251,Globales Playa Estepona,-1,36.46317,-5.01413,,España,Andalucía,Costa del Sol Occidental,Atalaya,29688,Calle de Levante,
116257,Courtyard San Diego Gaslamp/Convention Center,-1,32.71007,-117.15918,San Diego,United States,California,San Diego County,Banker's Hill,92101,6th Avenue,453
116287,Hyatt Place Miami Airport-East,1,25.80649,-80.26328,Miami,United States,Florida,Miami-Dade County,Miami Springs,33142,Northwest 42nd Avenue,3549
116291,Best Western Desert Winds,0,35.05614,-118.17487,,United States,California,Kern County,,93501,Sierra Highway,16200
116293,Residence Inn by Marriott O'Fallon,81,38.71704,-90.7011,,United States,Missouri,Saint Charles County,,63368,Progress Point Court,101
116300,Comfort Suites Fort Lauderdale Airport South & Cruise Port,79,26.04937,-80.16411,,United States,Florida,Broward County,Dania Beach,33004,Southwest 19th Court,161
116322,La Quinta Inn & Suites Chattanooga - Lookout Mtn,86,35.02995,-85.36254,Chattanooga,United States,Tennessee,Hamilton County,,37419,Browns Ferry Road,311
116325,Comfort Suites,79,43.08829,-88.77924,,United States,Wisconsin,Jefferson County,,53094,Paradise Lane,725
116349,Microtel Inn & Suites by Wyndham Raton,63,36.88554,-104.43226,,United States,New Mexico,Colfax County,,87740,South Cedar Street,1640
116363,Holiday Inn Express West Cincinnati,92,39.1943,-84.66098,,United States,Ohio,Hamilton County,,45248,Rybolt Road,
116406,Ashfield Motor Inn,-1,-33.88804,151.13525,Sydney,Australia,New South Wales,,Ashfield,2130,Liverpool Road,63-65
116437,Microtel Inn & Suites by Wyndham Dickinson,63,46.90021,-102.79582,Dickinson,United States,North Dakota,Stark County,,58601,6th Avenue West,1597
116445,Nittany Budget Motel,-1,40.76318,-77.87999,State College,United States,,Centre County,,16801,Cato Avenue,2080
116463,Quality Inn Santa Rosa,84,34.94656,-104.65721,Santa Rosa,United States,New Mexico,Guadalupe County,,88435,Historic Route 66,2301
116503,Residence Inn by Marriott Nashville Vanderbilt/West End,81,36.15292,-86.79617,Nashville-Davidson,United States,Tennessee,Davidson County,,37203,West End Avenue,1800
116504,Grand Bohemian Hotel Mountain Brook  Autograph Collection,-1,33.48777,-86.77438,Birmingham,United States,Alabama,Jefferson County,,35223,Lane Park Road,2655
116569,TRYP Wolfsburg Hotel,-1,52.42831,10.78661,Wolfsburg,Deutschland,Niedersachsen,,Stadtmitte,38440,Willy-Brandt-Platz,2
116589,W Bogota Hotel,-1,4.69323,-74.03486,Bogotá,Colombia,,,Localidad Usaquén,110111,Avenida Carrera 9,115-06
116603,Hilton Garden Inn Palo Alto,87,37.40951,-122.12262,Palo Alto,United States,California,Santa Clara County,,94306,West El Camino Real,4216
116661,Douro Palace Hotel Resort and Spa,-1,41.10982,-8.00838,,Portugal,,Porto,,4640-420,Estrada de Carrapatelo,
116701,Microtel Inn & Suites by Wyndham Mansfield,63,41.80505,-77.07787,,United States,,Tioga County,,16933,,
116747,Westmark Baranof Hotel,-1,58.30128,-134.40673,Juneau,United States,Alaska,,,99801,North Franklin Street,127
116753,Studio 6 Arlington,-1,32.77475,-97.06256,Grand Prairie,United States,Texas,Tarrant County,,75050,North State Highway 360,
116790,Quality Inn & Suites,84,39.105,-76.84115,Laurel,United States,Maryland,Prince George's County,,20707,2nd Street,
116804,Viejas Casino & Resort,-1,32.84133,-116.70544,,United States,California,San Diego County,,91901,Willows Road,5000
116847,Americas Best Value Inn St. Louis South,62,38.51096,-90.33766,,United States,Missouri,Saint Louis County,,63128,Feth Drive,
116897,Pullman Basel Europe,28,47.56298,7.59779,Basel,Schweiz/Suisse/Svizzera/Svizra,Basel-Stadt,,Clara,4058,Clarastrasse,43
116982,Hampton Inn and Suites Watertown,91,44.89003,-97.07417,Watertown,United States,South Dakota,Codington County,,57201,9th Avenue Southeast,2556
116987,Sleep Inn & Suites,69,42.01225,-93.68178,Ames,United States,Iowa,Story County,,50014,Dickinson Avenue,1310
117041,Pala Mesa Golf Resort - Temecula,-1,33.35699,-117.15978,,United States,California,San Diego County,,92028,Old Highway 395,2001
117055,Days Inn Kemah,85,29.53298,-95.01516,Kemah,United States,Texas,Galveston County,,77565,TX 146,
117067,Quality Inn & Suites Bensalem,84,40.12587,-74.96489,,United States,,Bucks County,,19020,Street Road,3671
117076,The Old Post Office,-1,52.70678,-2.75244,,United Kingdom,England,Shropshire,Belle Vue,SY1 1SZ,Milk Street,2
117083,Hampton Inn North Platte,91,41.1148,-100.76251,North Platte,United States,Nebraska,Lincoln County,,69101,Platte Oasis Parkway,
117116,Holiday Inn Express Hotel & Suites Pecos,92,31.40768,-103.48579,,United States,Texas,Reeves County,,79772,South Cedar Street,1998
117159,Formosa101 - Hostel,-1,25.0288,121.5572,臺北市,臺灣,,,信義區,110,基隆路二段,111號
117167,Fairfield Inn & Suites Columbus North/dublin,89,40.11074,-83.08752,Columbus,United States,Ohio,Franklin County,,43235,Sawmill Road,7150
117193,Holiday Inn Orangeburg-Rockland/Bergen Co,92,41.04568,-73.94524,,United States,New York,Rockland County,,10962,NY 303,303
117257,Holiday Inn Manhattan-Financial District,92,40.70833,-74.01436,City of New York,United States,New York,New York County,Manhattan,10006,Washington Street,99
117343,Super 8 Baker City Or,83,44.78397,-117.80803,,United States,Oregon,Baker County,,97814,Campbell Street,250
117361,Days Inn & Suites Murfreesboro,85,35.84364,-86.42947,Murfreesboro,United States,Tennessee,Rutherford County,,37129,Chaffin Place,182
117370,Rodeway Inn & Suites,56,33.72773,-116.23003,Indio,United States,California,Riverside County,,92201,Indio Boulevard,82275
117371,Hotel Atwater,-1,33.34358,-118.3263,,United States,California,,,90704,Sumner Avenue,215
117388,Rodeway Inn,56,36.9195,-76.19268,Norfolk,United States,Virginia,,East Beach,23518,Shore Drive,7940
117417,La Quinta Inn & Suites Cleveland,86,30.3314,-95.09921,,United States,Texas,Liberty County,,77327,Majnik Avenue,1004
117427,Hilton Garden Inn Nashville Downtown/Convention Center,87,36.15741,-86.77378,Nashville-Davidson,United States,Tennessee,Davidson County,,37201,Korean Veterans Boulevard,301
117446,Value Place Homestead,-1,25.47664,-80.43711,Homestead,United States,Florida,Miami-Dade County,,33033,Northeast 8th Street,2750
117456,Holiday Inn Express Hotel & Suites Wallace-Hwy 41,92,34.75681,-77.94792,,United States,North Carolina,Duplin County,,28466,River Village Place,111
117463,Value Place Louisville  KY (South),-1,38.11817,-85.7747,Louisville,United States,Kentucky,Jefferson County,,40118,Comerce Park Court,6310
117464,Motel 6 Portland East - Troutdale,75,45.54422,-122.39997,,United States,Oregon,Multnomah County,,97060,Northwest Frontage Road,1184
117484,Crowne Plaza Hotel Marlow,71,51.56999,-0.7523,,United Kingdom,England,Buckinghamshire,,SL7 1QU,Fieldhouse Lane,
117494,Days Inn And Suites Huntsville,85,30.71564,-95.5663,Huntsville,United States,Texas,Walker County,,77340,Interstate 45 South,148
117553,Quality Inn Near Six Flags St. Louis,84,38.4846,-90.75762,,United States,Missouri,Franklin County,,63069,West Osage Street,1251
117558,Hyatt Regency Tysons Corner Center,1,38.91916,-77.2205,,United States,Virginia,Fairfax County,,22102,Tysons One Place,7900
117588,La Quinta Inn Eagle Pass,86,28.70967,-100.47644,Eagle Pass,United States,Texas,Maverick County,,78852,North Veterans Boulevard,1923
117627,Marlin Empire Square,-1,51.50104,-0.09103,London,United Kingdom,England,,The Borough,SE1 4PL,Long Lane,35
117631,Quality Inn Kent-Seattle,84,47.38121,-122.25728,,United States,Washington,King County,,98032,West Meeker Street,1711
117657,America's Best Value Inn Forest Grove,-1,45.52001,-123.0894,,United States,Oregon,Washington County,,97116,Pacific Avenue,3322
117683,Best Western Plus Columbia River Hotel,82,49.09627,-117.71347,Trail,Canada,British Columbia,,,V1R 3T2,Highway 3B,1001
117706,Motel 6 Philadelphia PA-Brooklawn  NJ,75,39.87908,-75.11423,,United States,New Jersey,Camden County,,08030,Crescent Boulevard,801
117708,Madison - Days Inn,85,30.40148,-83.36108,,United States,Florida,Madison County,,32340,FL 53,6113
117742,Candlewood Suites League City,64,29.47981,-95.09967,,United States,Texas,Galveston County,,77573,South Gulf Freeway Frontage Road,
117778,Discovery Primea,-1,14.55313,121.02655,Makati,Pilipinas,,,,1226,Ayala Avenue,
117794,Motel 6 Cleveland - Middleburg Heights,75,41.37054,-81.82467,,United States,Ohio,Cuyahoga County,,44130,Engle Road,
117803,Holiday Inn Express Hotel & Suites Hobbs,92,32.73914,-103.15974,Hobbs,United States,New Mexico,Lea County,,88240,North Lovington Highway,3610
117825,Crowne Plaza Saddle Brook,71,40.90322,-74.10359,,United States,New Jersey,Bergen County,,07663,Kenney Boulevard,42
117832,Comfort Suites Pratt,79,37.64637,-98.71664,,United States,Kansas,Pratt County,,67124,KS 61,
117835,Homewood Suites by Hilton Little Rock Downtown,77,34.74428,-92.26615,Little Rock,United States,Arkansas,Pulaski County,,72201,River Market Avenue,400
117848,Hotel Z A Piece of Pineapple Hospitality,-1,32.71094,-117.15921,San Diego,United States,California,San Diego County,Banker's Hill,92101,6th Avenue,530
117855,Motel 6 Washington DC SW-Springfield  VA,75,38.77818,-77.18317,,United States,Virginia,Fairfax County,,22150,Springfield Boulevard,6850
117858,Park Ridge Marriott,2,41.04248,-74.06317,,United States,New Jersey,Bergen County,,07677,Brae Boulevard,
117878,My Place Hotel-Spokane Valley,-1,47.66869,-117.18848,,United States,Washington,Spokane County,Veradale,99216,East Indiana Avenue,16106
117881,Norman Travelodge,57,35.2197,-97.48357,Norman,United States,Oklahoma,Cleveland County,,73069,North Interstate Drive,225
117886,Americas Best Value Sandman Inn,-1,45.32945,-118.07468,,United States,Oregon,Union County,,97850,East R Avenue,2410
117887,Generator Paris,-1,48.87817,2.36988,Paris,France,Île-de-France,,Paris 10e Arrondissement,75010,Place du Colonel Fabien,9-11
117922,Sleep Inn Lufkin,69,31.36778,-94.71181,Lufkin,United States,Texas,Angelina County,,75902,North Timberland Drive,
117978,Homewood Suites By Hilton Palo Alto,77,37.40634,-122.11904,Palo Alto,United States,California,Santa Clara County,,94022,Monroe Drive,474
117991,Holiday Inn Express & Suites Manhattan,92,39.175,-96.55912,Manhattan,United States,Kansas,Riley County,,66502,Blue Earth Place,115
118007,Super 8 Eureka/Six Flags Nearby,83,38.50458,-90.66497,,United States,Missouri,Saint Louis County,,63025,West 5th Street,1733
118037,Days Inn Watertown Sd,85,44.88985,-97.06787,Watertown,United States,South Dakota,Codington County,,57201,9th Avenue Southeast,2900
118041,Holiday Inn Express Hotel & Suites Carneys Point,92,39.68322,-75.47651,,United States,New Jersey,Salem County,,08069,South Pennsville-Auburn Road,522
118063,APA Hotel Matsuyamajo-Nishi,-1,33.84499,132.75834,松山市,日本,,,,790-0807,,
118065,Super 8 Marshall Mn,83,44.43633,-95.77356,,United States,Minnesota,Lyon County,,56258,US Highway 59,
118113,The Driftwood Lodge,-1,30.21375,-85.87303,,United States,Florida,Bay County,,32413,Front Beach Road,15811
118176,Holiday Inn Express Hotel & Suites El Reno,92,35.50918,-97.97182,,United States,Oklahoma,Canadian County,,73036,Southwest 27th Street,1699
118197,Holiday Inn MOUNT VERNON,92,38.31639,-88.9561,,United States,Illinois,Jefferson County,,62864,Potomac Boulevard,222
118226,B&B HAtel Bordeaux Sud,-1,44.78446,-0.58789,,France,Nouvelle-Aquitaine,Gironde,,33140,Rue Salvador Dali,10
118288,Stoney Creek Hotel & Conference Center,-1,39.041,-94.36898,Independence,United States,Missouri,Jackson County,,64055,South Bass Pro Drive,
118371,Americas Best Value Inn & Suites-Sidney,62,41.14444,-102.99114,,United States,Nebraska,Cheyenne County,,69162,Illinois Street,2150
118390,Residence Inn by Marriott Paducah,81,37.08402,-88.68048,Paducah,United States,Kentucky,McCracken County,,42001,Coleman Crossing Circle,3901
118455,Days Inn Alpena,85,45.06181,-83.47152,Alpena,United States,Michigan,Alpena County,,49707,North Bagley Street,1025
118465,Dar Es Salaam Serena Hotel,-1,-6.81119,39.28762,Dar es-Salaam,Tanzania,,,City Centre,11103,Ohio Street,11
118485,Super 8 Harrison Ar,83,36.26255,-93.13453,,United States,Arkansas,Boone County,,72601,,
118494,Pine Bungalow,-1,8.0414,98.7644,,ประเทศไทย,,,,81000,กบ.2012,88/1
118510,Remm Kagoshima,-1,31.58997,130.55329,鹿児島市,日本,,,,892-8677,鹿児島中央停車場線,
118511,TownePlace Suites by Marriott Hobbs,68,32.74154,-103.15014,Hobbs,United States,New Mexico,Lea County,,88240,North Central Drive,3811
118534,Baymont Inn and Suites Conroe / The Woodlands,-1,30.28521,-95.46135,,United States,Texas,Montgomery County,,77304,Interstate 45 South Frontage Road,
118582,Days Inn Altus,85,34.66898,-99.33406,,United States,Oklahoma,Jackson County,,73521,North Main Street,2982
118583,Holiday Inn Express Hotel & Suites Rocky Mount,92,37.01521,-79.86529,,United States,Virginia,Franklin County,,24151,Old Franklin Turnpike,500
118585,Days Inn Stouffville,85,43.96396,-79.27423,,Canada,Ontario,York Region,,L4A 1C3,Ringwood Drive,51
118605,The Westin Austin Downtown,66,30.26636,-97.74045,Austin,United States,Texas,Travis County,,78701,East 5th Street,310
118637,Hyatt Regency Houston Galleria,1,29.73837,-95.46685,Houston,United States,Texas,Harris County,,77056,Sage Road,
118691,Days Hotel Aqaba,-1,29.52403,35.00694,العقبة,الأردن,العقبة,قضاء العقبة,,,,
118704,Super 8 Whitewater  WI,83,42.83199,-88.7128,,United States,Wisconsin,Walworth County,,53190,East Milwaukee Street,917
118707,ChAteau La CheneviAre,-1,49.33264,-0.75603,,France,Normandie,Calvados,,14520,Route de Port,
118756,Gouverneur Hotel Rimouski,-1,48.45546,-68.52356,Rimouski,Canada,Québec,Rimouski-Neigette,,G5L 7R2,Rue des Gouverneurs,115
118800,Fairfield Inn & Suites Fort Wayne Southwest,89,41.03982,-85.24273,Fort Wayne,United States,Indiana,Allen County,,46804,West Jefferson Boulevard,7873
118807,Motel 6 Salinas North - Monterey Area,75,36.67928,-121.64031,Salinas,United States,California,Monterey County,,93905,Kern Street,131
118824,Holiday Inn Express & Suites Ontario,92,44.02357,-116.9505,,United States,Oregon,Malheur County,,97914,Southeast 10th Street,281
118833,Residence Inn by Marriott Los Angeles LAX/Century Boulevard,81,33.94613,-118.38693,Los Angeles,United States,California,Los Angeles County,,90045,West Century Boulevard,5933
118842,Super 8 Motel - Watertown,83,44.88335,-97.10885,Watertown,United States,South Dakota,Codington County,,57201,5th Street Southeast,1490
118848,Select Inn Murfreesboro,-1,35.80758,-86.3974,Murfreesboro,United States,Tennessee,Rutherford County,,37127,South Church Street,2438
118891,Candlewood Suites Radcliff - Fort Knox,64,37.79666,-85.91448,,United States,Kentucky,Hardin County,,40160,Endeavour Drive,3120
118942,The Claridge Hotel,-1,39.35588,-74.43096,Atlantic City,United States,New Jersey,Atlantic County,,08406,Boardwalk,1731-1739
118951,Americas Best Value Port Polson Inn,-1,47.69395,-114.15533,,United States,Montana,Lake County,,59860,US 93,49830
118973,Antonio Hotel,-1,34.04579,-118.20845,Los Angeles,United States,California,Los Angeles County,Boyle Heights,90033,North Soto Street,245
119005,Fairfield Inn & Suites by Marriott Houston Conroe/Woodlands,89,30.35176,-95.48319,,United States,Texas,Montgomery County,,77304,Interstate 45 North,
119038,Hampton Inn & Suites Corpus Christi,91,27.70469,-97.36473,Corpus Christi,United States,Texas,Nueces County,,78412,South Padre Island Drive,
119073,Ramada Statesville,73,35.77202,-80.86073,Statesville,United States,North Carolina,Iredell County,,28677,Garner Bagnal Boulevard,1215
119134,SpringHill Suites Dallas Lewisville,78,32.99878,-96.97444,Lewisville,United States,Texas,Denton County,,75057,East Vista Ridge Mall Drive,
119149,Oakwood Premier Incheon,-1,37.38392,126.64381,인천광역시,대한민국,,,송도1동,22009,하모니로,
119150,Canyon Plaza Resort,-1,35.97173,-112.12719,,United States,Arizona,Coconino County,,86023,State Route 64,300
119219,Super 8 Motel Lakeland,83,35.22681,-89.73194,,United States,Tennessee,Shelby County,,38002,Isaac Hayes Memorial Highway,
119240,Holiday Inn Express & Suites Springfield - Dayton Area,92,39.89371,-83.81606,Springfield,United States,Ohio,Clark County,,45506,Raydo Circle,121
119253,Residence Inn Nashua,81,42.78451,-71.50294,Nashua,United States,New Hampshire,Hillsborough County,,03063,Trafalgar Square,27
119265,Cambria Suites Avon - Cleveland,19,41.45674,-82.01051,,United States,Ohio,Lorain County,,44011,Detroit Road,35575
119288,Filerimos Village Hotel,-1,36.45126,28.21928,Δημοτική Ενότητα Ρόδου,Ελλάς,Αποκεντρωμένη Διοίκηση Αιγαίου,Περιφερειακή Ενότητα Ρόδου,Μεσαιωνική πόλη της Ρόδου,851 33,Απολλωνίου Ροδίου,57
119305,Holiday Inn Express & Suites Borger,92,35.66083,-101.40605,,United States,Texas,Hutchinson County,,79007,West Wilson Street,1320
119316,Holiday Inn Express Hotel & Suites Conroe I-45 North,92,30.33814,-95.47802,,United States,Texas,Montgomery County,,77303,Stoneside Road,2242
119339,Sonesta Bee Cave Austin,-1,30.30978,-97.93625,,United States,Texas,Travis County,,78738,Market Street,
119356,Holiday Inn Cincinnati N - West Chester,92,39.31785,-84.43465,,United States,Ohio,Butler County,,45011,Mulhauser Road,
119411,Residence Inn by Marriott Akron Fairlawn,81,41.13742,-81.6561,,United States,Ohio,Summit County,,44333,Embassy Parkway,4001
119430,Days Inn High Prairie,85,55.43204,-116.46793,,Canada,Alberta,Division No. 17,,T0G 1E0,41 Street,
119443,Holiday Inn Express & Suites Miami Arpt And Intermodal Area,92,25.79987,-80.26425,Miami,United States,Florida,Miami-Dade County,,33142,Northwest 42nd Avenue,2601
119467,Best Western Sandy Inn,0,45.40113,-122.27781,,United States,Oregon,Clackamas County,,97055,Nature Trail,
119478,Sleep Inn Ontario,69,44.0232,-116.94608,,United States,Oregon,Malheur County,,97914,Southeast 1st Court,
119494,Hampton Inn & Suites Dallas-Ft. Worth Airport South,91,32.82453,-97.05885,Fort Worth,United States,Texas,Tarrant County,,76155,Regis Court,4201
119506,Comfort Inn Rimouski,88,48.4392,-68.55278,Rimouski,Canada,Québec,Rimouski-Neigette,Sacré-Cœur,G5L 3N9,Boulevard Saint-Germain,453
119523,Gardentree Hotels,-1,35.1678,-89.85956,Memphis,United States,Tennessee,Shelby County,,38134,Shelby Oaks Drive,6198
119536,Holiday Inn Express & Suites Norwood-Boston Area,92,42.16861,-71.19943,,United States,Massachusetts,Norfolk County,,02032,Norwood Park South,225
119540,Super 8 Motel - Alturas,83,41.48868,-120.54254,,United States,California,Modoc County,,96101,North Main Street,511
119590,Hotel L'Approdo,-1,44.20147,12.39133,,Italia,Emilia-Romagna,,,47042,Via Francesco Crispi,5
119680,Super 8 Shepherdsville,83,37.98665,-85.70486,,United States,Kentucky,Bullitt County,,40165,Paroquet Springs Drive,430
119741,Courtyard Odessa,-1,31.90473,-102.30066,Odessa,United States,Texas,Ector County,Parks Legado Town Center,79765,Tres Hermanas Boulevard,7001
119769,Motel 6 Tracy,75,37.76431,-121.43512,Tracy,United States,California,San Joaquin County,,95304,North Tracy Boulevard,
119834,Hotel El Bedel,-1,40.48305,-3.36352,Alcalá de Henares,España,Comunidad de Madrid,,,28801,Calle del Arquitecto Pedro Gumiel,
119875,Econo Lodge,70,34.9698,-80.98685,Rock Hill,United States,South Carolina,York County,,29730,Riverview Road,914
119889,Los Angeles Adventurer All Suite Hotel at LAX,-1,33.94542,-118.34913,Inglewood,United States,California,,,90301,Myrtle Avenue,
119899,Americas Best Value Inn of Williams,62,35.24802,-112.19887,,United States,Arizona,Coconino County,,86040,West Route 66,1001
119930,Veyron Hotels,-1,41.07048,29.00628,,Türkiye,,,Esentepe Mahallesi,34394,Sağlam Fikir Sokak,
119946,The Lodge at Old Kinderhook Golf Resort,-1,38.00173,-92.8077,,United States,Missouri,Camden County,,,Lost Spike Trail,
119954,FantaSea Resorts Atlantic Palace,-1,39.35669,-74.42641,Atlantic City,United States,New Jersey,Atlantic County,,08406,Boardwalk,
119985,Comfort Inn & Suites Paris,88,33.67804,-95.52691,,United States,Texas,Lamar County,,75460,FM 195,1700
119992,Springhill Suites by Marriott Ridgecrest,78,35.64089,-117.66981,,United States,California,Kern County,,93555,North China Lake Boulevard,1110
120011,Motel 6 Santa Nella Los Banos,75,37.05585,-121.01404,,United States,California,Merced County,,95322,Gonzaga Road,28821
120064,Motel 6 Houston West - Energy Corridor,75,29.78416,-95.64564,Houston,United States,Texas,Harris County,,77450,Katy Freeway Frontage Road,
120104,One Tagaytay Place Hotel Suites,-1,14.12474,120.99273,Tagaytay,Pilipinas,Cavite,,,4120,Isaac O. Tolentino Avenue,
120137,Clarion Hotel Palm Island Indoor Waterpark,58,43.01639,-78.1941,,United States,New York,Genesee County,,14020,Park Road,8204
120196,Hilton Garden Inn Roanoke,87,37.22948,-79.97417,,United States,Virginia,Roanoke County,,24018,South Peak Boulevard,4435
120203,Fairfield Inn & Suites Gallup,89,35.53035,-108.67698,Gallup,United States,New Mexico,McKinley County,,87301,East Historic Highway 66,3510
120255,Holiday Inn Salina,92,38.78038,-97.61284,Salina,United States,Kansas,Saline County,,,South 9th Street,
120277,Days Inn and Suites Kanab,85,37.05021,-112.53496,,United States,Utah,,,84741,300 West,125
120374,Holiday Inn Express & Suites Ottawa East - Orleans,92,45.48105,-75.51182,Ottawa,Canada,Ontario,,Orléans,K1E 3V8,Brisebois Crescent,500
120386,Holiday Inn Express Hotel & Suites Tell City,92,37.93356,-86.76016,,United States,Indiana,Perry County,,47586,Orchard Hill Drive,99
120417,Econo Lodge Miles City,70,46.39733,-105.82263,,United States,Montana,Custer County,,59301,South Haynes Avenue,1209
120431,Wyndham Grand Jupiter at Harbourside Place,60,26.93632,-80.08213,,United States,Florida,Palm Beach County,,33477,US 1,
120467,ibis Budget Surabaya Airport,45,-7.37422,112.79425,,Indonesia,Jawa Timur,Sidoarjo,,61253,,
120469,Days Inn Moose Jaw,85,50.41565,-105.53509,Moose Jaw,Canada,Saskatchewan,Division No. 7,Sunningdale,S6J 1L3,Main Service Road,
120511,Home2 Suites by Hilton Austin Round Rock,48,30.47966,-97.68617,Round Rock,United States,Texas,Williamson County,,78681,West Louis Henna Boulevard,1000
120545,Rodeway Inn,56,41.98936,-87.70568,Chicago,United States,Illinois,Cook County,,60659,North Lincoln Avenue,5950
120584,Super 8 Nephi,83,39.68047,-111.83834,,United States,Utah,Juab County,,84648,Sheep Lane Drive,
120585,Holiday Inn Express & Suites Nashville Southeast - Antioch,92,36.04435,-86.64821,Nashville-Davidson,United States,Tennessee,Davidson County,,37013,Crossings Place,201
120640,Best Western Plus Casper Inn & Suites,82,42.84241,-106.22373,Casper,United States,Wyoming,Natrona County,,82636,,
120641,Towneplace Suites by Marriott Harrisburg West/Mechanicsburg,68,40.20454,-76.95703,,United States,,Cumberland County,,17055,Ritter Road,4910
120650,Red Lion Ridgewater - Polson,42,47.68363,-114.1244,,United States,Montana,Lake County,,,,
120674,Sleep Inn & Suites,69,48.10068,-98.84175,,United States,North Dakota,Ramsey County,,58301,,
120698,Motel 6 Fredericksburg - South,75,38.24815,-77.49895,Fredericksburg,United States,Virginia,Spotsylvania County,,22408,Patriot Highway,10500
120709,Knights Inn Philadelphia Northeast,37,40.1253,-74.97202,,United States,,Bucks County,,19053,Lincoln Highway,2707
120741,Fairfield Inn & Suites by Marriott Bartlesville,89,36.72806,-95.93517,Bartlesville,United States,Oklahoma,Washington County,,74006,Nowata Road,
120742,Rodeway Inn Rutland,56,43.61421,-72.964,Rutland City,United States,Vermont,Rutland County,,05701,Woodstock Avenue,99
120849,City Live Hotel,-1,36.85767,30.75815,Antalya,Türkiye,,,Fener Mahallesi,07160,Bülent Ecevit Bulvarı,62
120869,Aloft Raleigh-Durham Airport Brier Creek,49,35.89631,-78.80749,Raleigh,United States,North Carolina,Wake County,Brier Creek,27617,Sellona Street,10020
120884,Podollan Inn Salmon Arm,-1,50.70335,-119.26855,,Canada,British Columbia,Columbia-Shuswap Regional District,,V1E 4M3,Trans-Canada Hwy Frontage Road,
120885,Air Venice on the Beach,-1,33.99475,-118.48033,Los Angeles,United States,California,Los Angeles County,Venice,90291,Rose Avenue,5
120936,New Akan Hotel,-1,43.43307,144.09679,釧路市,日本,,,,085-0467,,
120942,Holiday Inn Express Kirksville,92,40.17639,-92.58353,Kirksville,United States,Missouri,Adair County,,63501,East Sheffield Street,
120955,Motel 6 Minneapolis North - Roseville,75,45.011,-93.18431,,United States,Minnesota,Ramsey County,,55113,Cleveland Avenue North,2329
120987,Holiday Inn Express & Suites Temple - Medical Center Area,92,31.07695,-97.37212,Temple,United States,Texas,Bell County,,76504,South 39th Street,2609
120993,Courtyard by Marriott Paducah,90,37.07874,-88.6736,Paducah,United States,Kentucky,McCracken County,,42001,Technology Drive,3855
121018,Motel 6 Phoenix Sun City - Youngtown,75,33.60562,-112.30029,,United States,Arizona,Maricopa County,,85363,Grand Avenue,11222
121062,Holiday Inn Express Lucedale,92,30.95175,-88.59671,,United States,Mississippi,George County,,39452,Beaver Dam Road,1284
121080,Travelodge Atlanta South,57,33.59011,-84.37743,,United States,Georgia,Clayton County,,30297,Old Dixie Highway,
121104,Cecil Hotel,-1,45.68988,5.91138,,France,Auvergne-Rhône-Alpes,Savoie,,73100,Avenue Victoria,22
121122,Days Inn Statesville,85,35.80721,-80.88034,Statesville,United States,North Carolina,Iredell County,,28625,Gaither Road,689
121134,Holiday Inn Cody at Buffalo Bill Village,92,44.52607,-109.05531,Cody,United States,Wyoming,Park County,,82414,Sheridan Avenue,1601
121177,Motel 6 Nephi,75,39.67661,-111.84111,,United States,Utah,Juab County,,84648,UT 28,2160
121180,La Quinta Inn & Suites Batavia,86,43.01609,-78.19222,,United States,New York,Genesee County,,14020,Park Road,
121212,Le Meridien Suvarnabhumi  Bangkok Golf Resort & Spa,33,13.65532,100.70506,ตำบลราชาเทวะ,ประเทศไทย,,องค์การบริหารส่วนตำบลราชาเทวะ,,10540,11,
121298,Aloft Detroit at The David Whitney,49,42.33576,-83.05001,Detroit,United States,Michigan,Wayne County,,48226,Woodward Avenue,1545
121330,Springhill Suites Dallas Plano/frisco,78,33.09287,-96.80203,Plano,United States,Texas,Collin County,,75024,Angels Drive,8401
121337,Residence Inn New York The Bronx At Metro Center Atrium,81,40.84958,-73.84363,City of New York,United States,New York,,The Bronx,10461,Bassett Avenue,
121347,Green Rich Hotel Yamaguchi Yuda Onsen,-1,34.16352,131.45378,山口市,日本,,,,753-0831,,
121420,Motel 6 Prescott,75,34.54497,-112.4547,Prescott,United States,Arizona,Yavapai County,,86313,AZ 89,
121461,Whispering Palms Inn,-1,29.37575,-100.90302,Del Rio,United States,Texas,Val Verde County,,78840,East 11th Street,450
121555,Hampton Inn & Suites Lonoke,91,34.80607,-91.89108,,United States,Arkansas,Lonoke County,,72086,Brownsville Loop,240
121597,Prospector Hotel and Casino,-1,39.25867,-114.85922,Ely,United States,Nevada,White Pine County,East Ely,89301,Aultman Street,1505
121604,Holiday Inn Express & Suites Spencer,92,43.12446,-95.15729,,United States,Iowa,Clay County,,51301,13th Street Southwest,850
121619,Best Western Plus Miami Airport North Hotel & Suites,82,25.80833,-80.28555,Miami,United States,Florida,Miami-Dade County,Miami Springs,33166,Fairway Drive,131
121633,Sandman Hotel Quesnel,-1,52.96462,-122.44293,Quesnel,Canada,British Columbia,Cariboo Regional District,,V2J 6R7,Cariboo Highway,
121658,Econo Lodge SeaTac Airport North,70,47.47871,-122.28417,,United States,Washington,King County,,98168,Tukwila International Boulevard,13910
121666,Radisson Blu Le Vendome Hotel,65,-33.91226,18.39044,Cape Town,South Africa,Western Cape,City of Cape Town,Cape Town Ward 54,8005,London Road,13
121667,Alpine Resort Motel,-1,-36.41843,148.60928,,Australia,New South Wales,,,2627,Nettin Circuit,3
121700,Pear Tree Inn,-1,51.99637,-1.49053,Cherwell,United Kingdom,England,Oxfordshire,,OX15 5NU,Clay Bank,
121746,Holiday Inn Express Hotel & Suites GUYMON,92,36.67683,-101.47462,,United States,Oklahoma,Texas County,,73942,South East Street,
121788,Baymont Inn and Suites Eufaula,-1,31.87779,-85.151,,United States,Alabama,Barbour County,,36072,Towne Center Boulevard,
121789,Courtyard by Marriott Philadelphia Lansdale,90,40.24363,-75.33808,Towamencin Township,United States,,Montgomery County,,19446,Sumneytown Pike,1600
121854,Arrowwood Resort & Conference Center,-1,43.38699,-95.12747,,United States,Iowa,Dickinson County,,51360,US 71,
121905,Holiday Inn Express Hotel & Suites DUNCAN,92,34.5071,-97.96721,,United States,Oklahoma,Stephens County,,73533,West Beech Avenue,1501
121968,Hotel Marshfield,-1,44.64281,-90.18041,,United States,Wisconsin,Wood County,,54449,South Central Avenue,
121981,Econo Lodge Inn & Suites Fallbrook,70,33.36356,-117.24931,,United States,California,San Diego County,,92028,South Mission Road,1608
122012,Holiday Inn Express Hotel & Suites Gibson,92,41.82394,-75.68144,,United States,,Susquehanna County,,18834,Oliver Road,1623
122018,Quality Inn Fort Stockton,84,30.8968,-102.90235,,United States,Texas,Pecos County,,79735,North US Highway 285,1314
122030,Motel 6 Twentynine Palms,75,34.13547,-116.07918,,United States,California,San Bernardino County,,92277,29 Palms Highway,72535
122046,Hotel Kristal,-1,-6.28324,106.79065,Daerah Khusus Jakarta,Indonesia,,,Cilandak,12430,Jalan Terogong Raya,17
122067,JW Marriott Austin,2,30.26428,-97.74403,Austin,United States,Texas,Travis County,,78701,East 2nd Street,103
122098,Rimfire Lodge,-1,38.41053,-79.99601,,United States,West Virginia,Pocahontas County,,26209,Snowshoe Drive,
122148,Holiday Inn Express Hotel & Suites Harrison,92,36.256,-93.12213,,United States,Arkansas,Boone County,,72601,AR 43,117
122184,Skamania Lodge - Destination Hotels & Resorts,14,45.68657,-121.9054,,United States,Washington,Skamania County,,98648,Skamania Lodge Road,1109
122262,Quality Inn & Suites Knox,84,-37.85533,145.21719,Melbourne,Australia,Victoria,,Wantirna,3152,Mountain Highway,
122276,Fairfield Inn & Suites Arundel Mills BWI Airport,89,39.15592,-76.71562,,United States,Maryland,Anne Arundel County,,21076,Teague Road,7520
122298,Hampton Inn & Suites Dallas/Plano-East,91,33.00074,-96.67466,Plano,United States,Texas,Collin County,,75074,President George Bush Highway,2813
122301,Beaumont Estate,-1,51.4509,-0.57374,,United Kingdom,England,Windsor and Maidenhead,,SL4 2SJ,Burfield Road,
122308,Hampton Inn & Suites Vero Beach Downtown,91,27.63885,-80.3855,Vero Beach,United States,Florida,Indian River County,,32960,20th Place,
122337,Carlsbad Super 8 Motel,83,32.37685,-104.22806,Carlsbad,United States,New Mexico,Eddy County,,88220,National Parks Highway,3706
122349,Comfort Inn Evanston,88,41.26404,-110.97767,Evanston,United States,Wyoming,Uinta County,,82930,Harrison Drive,1821
122353,Super 8 North Platte,83,41.10825,-100.76581,North Platte,United States,Nebraska,Lincoln County,,69101,West Eugene Avenue,220
122373,aDLERS Hotel,-1,47.26489,11.40072,Innsbruck,Österreich,,,Innenstadt,6020,Brunecker Straße,
122395,Fairfield Inn & Suites by Marriott Beloit,89,42.52354,-88.98431,,United States,Wisconsin,Rock County,,53500,,
122397,Quality Inn,84,38.84385,-82.14665,,United States,Ohio,Gallia County,,45631,SR 7,571
122518,Staybridge Suites Merrillville,61,41.46613,-87.31989,,United States,Indiana,Lake County,,46410,Louisiana Street,8405
122533,Fairfield Inn & Suites Little Rock Benton,89,34.58042,-92.58151,,United States,Arkansas,Saline County,,72015,I-30 Frontage Road,17320
122571,Der Ritterhof Motor Inn,-1,47.59174,-120.66932,,United States,Washington,Chelan County,,98826,US 2,185
122645,Americas Best Value Inn & Suites,62,42.48367,-91.47215,,United States,Iowa,Delaware County,,52057,South 10th Street,
122646,Staybridge Suites Houston I-10 West-beltway 8,61,29.8229,-95.56565,Houston,United States,Texas,Harris County,,77043,Kempwood Drive,10700
122660,Quality Inn Navajo Nation Capital,84,35.66332,-109.05324,,United States,Arizona,Apache County,,,Arizona State Highway 264,
122703,Days Inn Paducah,85,37.0809,-88.67267,Paducah,United States,Kentucky,McCracken County,,42001,Hinkleville Road,
122716,Super 8 Juneau,83,58.36466,-134.57748,Juneau,United States,Alaska,,,99801,Egan Drive,
122783,Super 8 Salmon,83,45.17832,-113.90004,,United States,Idaho,Lemhi County,,83467,Courthouse Drive,104
122785,Hilton Garden Inn Nashville/Smyrna,87,35.97252,-86.57139,,United States,Tennessee,Rutherford County,,37167,Highwood Boulevard,2631
122799,Hampton Inn & Suites Baltimore North/Timonium,91,39.45807,-76.64022,,United States,Maryland,Baltimore County,,21030,Texas Station Court,1
122819,La Quinta Inn & Suites Dumas,86,35.84284,-101.97348,,United States,Texas,Moore County,,79029,South Dumas Avenue,1821
122825,Nuovo Albergo Italia,-1,45.39883,8.91927,,Italia,Lombardia,Milano,,20081,,
122838,The Westin Jekyll Island,66,31.04565,-81.41269,,United States,Georgia,Glynn County,,31527,South Beachview Drive,22
122850,Hotel Santika Premiere Bintaro,-1,-6.27704,106.72183,Tangerang Selatan,Indonesia,Banten,,Pondok Jaya,15220,Jalan Boulevard Bintaro Jaya,
122874,Clarion Inn & Suites,58,33.53565,-81.72365,Aiken,United States,South Carolina,,,29803,Colony Parkway,155
122902,Econo Lodge East,70,38.13816,-79.04748,Staunton,United States,Virginia,,,24401,Richmond Avenue,1016
122908,RoseWood Inn,7,35.42805,-83.44404,,United States,North Carolina,Swain County,,28713,Main Street,265
122918,PARKROYAL Yangon,-1,16.78342,96.15859,Yangon,မြန်မာ,ရန်ကုန်တိုင်းဒေသကြီး,,ဒဂုံ,11222,အလံပြဘုရားလမ်း,
122932,Dumas  Days Inn & Suites,85,35.84781,-101.97357,,United States,Texas,Moore County,,79029,South Dumas Avenue,1610
122975,La Quinta Inn & Suites Paris,86,33.67327,-95.51817,,United States,Texas,Lamar County,,75460,Northeast Loop 286,3205
122983,Holiday Inn Express Hotel & Suites Torrington,92,42.04876,-104.1525,,United States,Wyoming,Goshen County,,,US 26,
122988,Cobblestone Inn & Suites -- Holyoke  CO,-1,40.57797,-102.30223,,United States,Colorado,Phillips County,,80734,US 385,
122992,Americas Best Value Inn,62,44.41699,-118.95741,,United States,Oregon,Grant County,,97845,Ford Road,150
122997,Home2 Suites by Hilton Florence  SC,48,34.18454,-79.84029,Florence,United States,South Carolina,Florence County,,29501,Woody Jones Boulevard,
123062,Holiday Inn Express & Suites Garland E - Lake Hubbard I30,92,32.86447,-96.54148,Garland,United States,Texas,Dallas County,,75043,Bass Pro Drive,4500
123082,Motel 6 Decatur,75,33.71489,-84.27297,,United States,Georgia,DeKalb County,,30032,Candler Road,2570
123094,Fairfield Inn & Suites Atlanta Cumming/Johns Creek,89,34.15196,-84.17917,,United States,Georgia,Forsyth County,,30041,Ronald Reagan Boulevard,3150
123108,Holiday Inn Express And Suites Pullman,92,46.71586,-117.16557,,United States,Washington,Whitman County,,99164,Southeast Bishop Boulevard,1170
123118,Ramada Shelbyville/Louisville East,73,38.19297,-85.27531,,United States,Kentucky,Shelby County,,40065,I 64,
123137,Best Western Fernley Inn,0,39.60863,-119.21858,,United States,Nevada,Lyon County,,89408,East Newlands Road,1455
123162,Baymont Inn and Suites Whitewater,-1,42.83462,-88.75846,,United States,Wisconsin,Walworth County,,53190,West Main Street,1355
123197,Motel 6 Atlanta Tucker Northeast,75,33.82644,-84.25642,,United States,Georgia,DeKalb County,,30084,Montreal Road,
123217,Holiday Inn Express & Suites Chihuahua Juventud,92,28.62651,-106.11982,Chihuahua,México,Chihuahua,Municipio de Chihuahua,,31250,Paseo Vistas del Sol,
123276,Courtyard by Marriott Omaha La Vista,90,41.18075,-96.11031,,United States,Nebraska,Sarpy County,,68128,Westport Parkway,12592
123278,Alzburg Resort,-1,-37.05834,146.08813,,Australia,Victoria,,,3722,Malcolm Street,
123288,Best Western Kirkwood Inn,0,38.5626,-90.40688,,United States,Missouri,Saint Louis County,,63122,South Kirkwood Road,1255
123329,Motel 6 Coeur D'Alene,75,47.70077,-116.79559,Coeur d'Alene,United States,Idaho,Kootenai County,,83814,West Appleway Avenue,604
123440,Five Towns Inn,-1,40.63287,-73.73909,,United States,New York,Nassau County,,11559,Rockaway Turnpike,655
123444,Quality Inn,84,31.03523,-104.85642,,United States,Texas,Culberson County,,79855,Southwest Frontage Road,1901
123459,Comfort Inn Kearney,88,39.36928,-94.36739,,United States,Missouri,Clay County,,64060,Platte Clay Way,400
123463,Best Western Plus Windsor Hotel,82,32.07216,-84.23283,,United States,Georgia,Sumter County,,31709,West Lamar Street,134
123476,Motel 6 Ann Arbor,75,42.23251,-83.73923,,United States,Michigan,Washtenaw County,,48108,South State Street,
123545,Glenwood Tourist Park & Motel,-1,-29.71431,152.94518,Grafton,Australia,New South Wales,,South Grafton,2460,Heber Street,
123569,Holiday Inn Hotel & Suites Trinidad,92,37.13583,-104.51991,Trinidad,United States,Colorado,Las Animas County,,81082,Santa Fe Trail,3130
123572,Sleep Inn And Suites Norton,69,39.83818,-99.88782,,United States,Kansas,Norton County,,67654,East Holme Street,102
123579,Astoria Hotel and Event Center,-1,46.89889,-102.79098,Dickinson,United States,North Dakota,Stark County,,58602,15th Street West,321
123588,Holiday Inn Express Socorro,92,34.06961,-106.89309,,United States,New Mexico,Socorro County,,87801,California Street,1012
123647,Best Western Indiana Inn,0,40.6007,-79.19594,White Township,United States,,Indiana County,,15701,Plaza Road,111
123695,Red Roof Inn Baltimore Northwest,67,39.35081,-76.69473,Baltimore,United States,Maryland,,,21215,Reisterstown Road,5801
123709,Hotel Van Zandt  a Kimpton Hotel,47,30.26026,-97.73884,Austin,United States,Texas,Travis County,,78701,Davis Street,609
123727,Hampton Inn & Suites Conroe Interstate 45 North,91,30.33775,-95.47804,,United States,Texas,Montgomery County,,77303,Stoneside Road,2242
123732,Homewood Suites by Hilton Richland,77,46.28136,-119.27372,Richland,United States,Washington,Benton County,,99354,George Washington Way,1041
123737,Hilton Garden Inn Malaga,87,36.68908,-4.4601,Málaga,España,Andalucía,Málaga-Costa del Sol,,29004,Calle Gregorio Allegri,
123754,Springhill Suites Houston Northwest,78,29.98775,-95.57443,,United States,Texas,Harris County,,77070,Chasewood Park Drive,
123826,Belterra Casino Resort,-1,38.78058,-84.93958,,United States,Indiana,Switzerland County,,47020,SR 156,
123843,California Inn & Suites,-1,34.57922,-117.41097,,United States,California,San Bernardino County,,92301,Bartlett Avenue,11613
123894,Wyndham Garden Oklahoma City North,60,35.53503,-97.51613,Oklahoma City,United States,Oklahoma,Oklahoma County,,73118,Northwest 61st Street,199
123923,Hotel Cabo De Hornos,-1,-53.16274,-70.907,Punta Arenas,Chile,Región de Magallanes y de la Antártica Chilena,Provincia de Magallanes,,6200000,Plaza Benjamín Muñoz Gamero,1093
123928,Park Inn by Radisson Clarion  PA,65,41.19092,-79.39175,,United States,,Clarion County,,16214,Holiday Inn Road,65
123929,Super 8 Poplar Bluff Missouri,83,36.78706,-90.43054,,United States,Missouri,Butler County,,63901,North Westwood Boulevard,2775
123930,Comfort Inn And Suites Edson,88,53.57986,-116.44404,,Canada,Alberta,Division No. 14,,T7E 0A1,4 Avenue,5504
123939,Fairfield Inn & Suites Bristol,89,36.59019,-82.2523,Bristol,United States,Tennessee,Sullivan County,,37620,West State Street,3285
123940,Holiday Inn Poplar Bluff,92,36.78605,-90.42967,,United States,Missouri,Butler County,,63901,North Westwood Boulevard,2770
123982,Homewood Suites By Hilton Ankeny,77,41.705,-93.57032,Ankeny,United States,Iowa,Polk County,,50021,Southeast Creekview Drive,2452
123988,Hampton Inn & Suites Dallas Market Center,91,32.81157,-96.85858,Dallas,United States,Texas,Dallas County,,75247,North Stemmons Freeway,3051
124061,Super 8 Ridgecrest,83,35.61748,-117.67003,,United States,California,Kern County,,93555,South China Lake Boulevard,345
124077,Holiday Inn Express Hotel & Suites SWIFT CURRENT,92,50.30315,-107.78418,Swift Current,Canada,Saskatchewan,Division No. 8,,S9H 3T9,North Service Road East,
124099,Home2 Suites by Hilton Little Rock West,48,34.72815,-92.395,Little Rock,United States,Arkansas,Pulaski County,,72205,South Shackleford Road,2706
124109,Home Inn & Suites Yorkton,-1,51.21016,-102.48862,Yorkton,Canada,Saskatchewan,Division No. 9,,S3N 0P2,Broadway Street W,
124114,Comfort Inn North Platte,88,41.10722,-100.76335,North Platte,United States,Nebraska,Lincoln County,,69101,East Eugene Road,
124136,Horseshoe Southern Indiana,-1,38.17975,-85.90477,,United States,Indiana,Harrison County,,47117,Casino Center Drive,11999
124163,My Place Hotel Rock Springs,-1,41.58234,-109.24934,Rock Springs,United States,Wyoming,Sweetwater County,,82901,Gateway Boulevard,599
124271,Fallbrook Country Inn,-1,33.36691,-117.25014,,United States,California,San Diego County,,92028,South Mission Road,1465
124296,Norfolk Lodge & Suites  an Ascend Hotel Collection Member,44,42.03255,-97.4754,Norfolk,United States,Nebraska,Madison County,,68701,Highway 275,4200
124341,Motel 6 Carlsbad East,75,33.11961,-117.31912,Carlsbad,United States,California,San Diego County,,92011,Paseo del Norte,6117
124345,Country Inn & Suites By Carlson  Katy (Houston West)  TX,-1,29.78181,-95.80871,,United States,Texas,Harris County,,77494,Market Place Drive,25218
124407,Motel 6 Los Angeles - El Monte,75,34.06959,-118.02745,El Monte,United States,California,,,91732,Peck Road,
124467,Ramada Columbus Hotel and Conference Center,73,41.41945,-97.36798,Columbus,United States,Nebraska,Platte County,,68601,33rd Avenue,265
124476,Residence Inn Harlingen,81,26.19021,-97.72164,Harlingen,United States,Texas,Cameron County,,78552,Bass Pro Drive,102
124491,The Grand Hotel at the Grand Canyon,-1,35.97006,-112.12798,,United States,Arizona,Coconino County,,86023,State Route 64,
124502,Clarion Hotel Real Tegucigalpa,58,14.09029,-87.19358,Tegucigalpa,Honduras,Francisco Morazán,Distrito Central,,11100,Bulevar Centroamérica,
124517,Best Western Newberg Inn,0,45.30336,-122.9569,,United States,Oregon,Yamhill County,,97132,East Portland Road,2211
124524,Candeo Hotels Chiba,-1,35.60181,140.11055,千葉市,日本,,,中央区,260-8722,,
124560,Holiday Inn Express & Suites Golden - Denver Area,92,39.72238,-105.19268,Golden,United States,Colorado,Jefferson County,,80419,West Colfax Avenue,
124578,Best Western Plus Parkway Inn & Conference Centre,82,45.03043,-74.75713,Cornwall,Canada,Ontario,Cornwall,,K6J 4R1,Vincent Massey Drive,1515
124587,Best Western Plus Seabrook Suites,82,29.59075,-95.02858,,United States,Texas,Harris County,,77586,Bayport Boulevard,5755
124592,TownePlace Suites by Marriott Carlsbad,68,32.41076,-104.23009,Carlsbad,United States,New Mexico,Eddy County,,88220,Pompa Street,311
124669,Hotel Grandezza,-1,49.1925,16.60946,Brno,Česko,Jihovýchod,Jihomoravský kraj,Město Brno,602 00,Zelný trh,2
124692,Quality Inn and Suites North Platte,84,41.11547,-100.76463,North Platte,United States,Nebraska,Lincoln County,,69101,Halligan Drive,
124702,Barnsley House Hotel,-1,51.74326,-1.89123,Cotswold,United Kingdom,England,Gloucestershire,Barnsley,GL7 5EF,B4425,
124717,Holiday Inn Indianapolis Airport,92,39.67393,-86.31475,Indianapolis,United States,Indiana,Marion County,,46241,Stansted Drive,8528
124735,Tegucigalpa Marriott Hotel,2,14.08928,-87.19008,Tegucigalpa,Honduras,Francisco Morazán,Distrito Central,,11100,Bulevar Juan Pablo II,
124762,Days Inn Lake Village,85,33.3242,-91.29202,,United States,Arkansas,Chicot County,,71653,US 65;US 82;US 278,881
124779,Country Inn and Suites By Carlson Shepherdsville,-1,37.98666,-85.70488,,United States,Kentucky,Bullitt County,,40165,Paroquet Springs Drive,429
124791,Hampton Inn Chicago Downtown/N Loop/Michigan Ave,91,41.88681,-87.62539,Chicago,United States,Illinois,Cook County,,60601,East Wacker Place,68
124843,Anchorage Motor Inn,-1,-26.80431,153.12311,Sunshine Coast Regional,Australia,Queensland,,,4551,Bowman Road,26
124845,Best Western Smoky Mountain Inn,0,35.46722,-83.01455,,United States,North Carolina,Haywood County,,28786,Shiloh Trail,130
124897,Hampton Inn & Suites Orangeburg,91,33.55409,-80.82489,,United States,South Carolina,Orangeburg County,,29118,Citidal Road,749
124919,Hampton Inn Carrollton,91,38.65208,-85.12525,,United States,Kentucky,Carroll County,,41008,Slumber Lane,47
124938,Days Inn Collierville TN,85,35.0465,-89.70282,,United States,Tennessee,Shelby County,,38017,West Poplar Avenue,1230
125062,Americas Best Value Inn & Suites,62,38.08304,-89.3341,,United States,Illinois,Perry County,,62274,IL 154,5707
125082,Best Western Plus Lubbock Windsor Inn,82,33.54349,-101.84566,Lubbock,United States,Texas,Lubbock County,,79404,Interstate 27,5410
125127,Best Western Plus Wylie Inn,82,33.02278,-96.51381,,United States,Texas,Collin County,,75098,North Highway 78,2011
125134,Best Western Plus King George Inn & Suites,82,49.14887,-122.84592,Surrey,Canada,British Columbia,Metro Vancouver Regional District,Newton,V3W 5B4,King George Boulevard,8033
125181,Americas Best Value Inn- Lake Mills,62,43.09699,-88.90903,,United States,Wisconsin,Jefferson County,,53551,Oasis Lane,7614
125274,Continental Inn,-1,28.31537,-81.46849,Kissimmee,United States,Florida,Osceola County,,34746,West Irlo Bronson Memorial Highway,4650
125280,Holiday Inn Express & Suites Ann Arbor West,92,42.29392,-83.83866,Ann Arbor,United States,Michigan,Washtenaw County,,48103,North Zeeb Road,373
125386,Holiday Inn Canyon De Chelly,92,36.1512,-109.54716,,United States,Arizona,Apache County,,,Navajo Route 7,
125403,Holiday Inn Express & Suites Denver South - Castle Rock,92,39.41062,-104.86894,Castle Rock,United States,Colorado,Douglas County,,80109,Genoa Way,654
125420,Hampton Inn & Suites McKinney,91,33.22222,-96.63442,McKinney,United States,Texas,Collin County,,75070,North Central Expressway,2067
125484,Thiw Son Beach Resort,-1,8.05475,98.59698,,ประเทศไทย,,,,,,
